2022-9-22 09:03:57.179;startTestrun
2022-9-22 09:03:57.297;startAction;  Okular oeffnen
2022-9-22 09:03:59.448;stopAction
2022-9-22 09:03:59.565;startAction;  auf bestimmte Seitenzahl springen
2022-9-22 09:04:02.768;stopAction
2022-9-22 09:04:02.884;startAction; markieren und Bemerkung
2022-9-22 09:04:19.129;stopAction
2022-9-22 09:04:19.247;startAction;  Präsentationsmodus
2022-9-22 09:04:42.563;stopAction
2022-9-22 09:04:42.681;startAction;  links + rechts drehen
2022-9-22 09:05:07.98;stopAction
2022-9-22 09:05:07.216;startAction;  manuelle Seiten vor + zurück
2022-9-22 09:05:27.454;stopAction
2022-9-22 09:05:27.571;startAction;  rein- + rauszoomen
2022-9-22 09:05:37.769;stopAction
2022-9-22 09:05:37.885;startAction;  invertierte Farben aktivieren
2022-9-22 09:05:43.44;stopAction
2022-9-22 09:05:43.162;startAction;  auf bestimmte Seitenzahl springen
2022-9-22 09:05:46.333;stopAction
2022-9-22 09:05:46.450;startAction; markieren und Bemerkung
2022-9-22 09:06:01.726;stopAction
2022-9-22 09:06:01.843;startAction;  Präsentationsmodus
2022-9-22 09:06:25.159;stopAction
2022-9-22 09:06:25.276;startAction;  links + rechts drehen
2022-9-22 09:06:49.695;stopAction
2022-9-22 09:06:49.812;startAction;  manuelle Seiten vor + zurück
2022-9-22 09:07:10.51;stopAction
2022-9-22 09:07:10.169;startAction;  rein- + rauszoomen
2022-9-22 09:07:20.367;stopAction
2022-9-22 09:07:20.484;startAction;  invertierte Farben aktivieren
2022-9-22 09:07:25.643;stopAction
2022-9-22 09:07:25.760;startAction;  zurücksetzen und schließen
2022-9-22 09:07:33.893;stopAction
2022-9-22 09:07:34.21;stopTestrun
2022-9-22 09:07:34.160;startTestrun
2022-9-22 09:07:34.277;startAction;  Okular oeffnen
2022-9-22 09:07:36.430;stopAction
2022-9-22 09:07:36.548;startAction;  auf bestimmte Seitenzahl springen
2022-9-22 09:07:39.750;stopAction
2022-9-22 09:07:39.867;startAction; markieren und Bemerkung
2022-9-22 09:07:56.128;stopAction
2022-9-22 09:07:56.246;startAction;  Präsentationsmodus
2022-9-22 09:08:19.560;stopAction
2022-9-22 09:08:19.678;startAction;  links + rechts drehen
2022-9-22 09:08:44.98;stopAction
2022-9-22 09:08:44.215;startAction;  manuelle Seiten vor + zurück
2022-9-22 09:09:04.453;stopAction
2022-9-22 09:09:04.571;startAction;  rein- + rauszoomen
2022-9-22 09:09:14.770;stopAction
2022-9-22 09:09:14.886;startAction;  invertierte Farben aktivieren
2022-9-22 09:09:20.45;stopAction
2022-9-22 09:09:20.162;startAction;  auf bestimmte Seitenzahl springen
2022-9-22 09:09:23.334;stopAction
2022-9-22 09:09:23.451;startAction; markieren und Bemerkung
2022-9-22 09:09:38.729;stopAction
2022-9-22 09:09:38.847;startAction;  Präsentationsmodus
2022-9-22 09:10:02.164;stopAction
2022-9-22 09:10:02.281;startAction;  links + rechts drehen
2022-9-22 09:10:26.693;stopAction
2022-9-22 09:10:26.810;startAction;  manuelle Seiten vor + zurück
2022-9-22 09:10:47.46;stopAction
2022-9-22 09:10:47.163;startAction;  rein- + rauszoomen
2022-9-22 09:10:57.362;stopAction
2022-9-22 09:10:57.478;startAction;  invertierte Farben aktivieren
2022-9-22 09:11:02.640;stopAction
2022-9-22 09:11:02.757;startAction;  zurücksetzen und schließen
2022-9-22 09:11:10.893;stopAction
2022-9-22 09:11:11.21;stopTestrun
2022-9-22 09:11:11.160;startTestrun
2022-9-22 09:11:11.277;startAction;  Okular oeffnen
2022-9-22 09:11:13.429;stopAction
2022-9-22 09:11:13.547;startAction;  auf bestimmte Seitenzahl springen
2022-9-22 09:11:16.750;stopAction
2022-9-22 09:11:16.866;startAction; markieren und Bemerkung
2022-9-22 09:11:33.128;stopAction
2022-9-22 09:11:33.245;startAction;  Präsentationsmodus
2022-9-22 09:11:56.561;stopAction
2022-9-22 09:11:56.679;startAction;  links + rechts drehen
2022-9-22 09:12:21.101;stopAction
2022-9-22 09:12:21.218;startAction;  manuelle Seiten vor + zurück
2022-9-22 09:12:41.459;stopAction
2022-9-22 09:12:41.576;startAction;  rein- + rauszoomen
2022-9-22 09:12:51.778;stopAction
2022-9-22 09:12:51.894;startAction;  invertierte Farben aktivieren
2022-9-22 09:12:57.51;stopAction
2022-9-22 09:12:57.169;startAction;  auf bestimmte Seitenzahl springen
2022-9-22 09:13:00.340;stopAction
2022-9-22 09:13:00.457;startAction; markieren und Bemerkung
2022-9-22 09:13:15.728;stopAction
2022-9-22 09:13:15.845;startAction;  Präsentationsmodus
2022-9-22 09:13:39.163;stopAction
2022-9-22 09:13:39.280;startAction;  links + rechts drehen
2022-9-22 09:14:03.703;stopAction
2022-9-22 09:14:03.820;startAction;  manuelle Seiten vor + zurück
2022-9-22 09:14:24.59;stopAction
2022-9-22 09:14:24.177;startAction;  rein- + rauszoomen
2022-9-22 09:14:34.376;stopAction
2022-9-22 09:14:34.493;startAction;  invertierte Farben aktivieren
2022-9-22 09:14:39.653;stopAction
2022-9-22 09:14:39.771;startAction;  zurücksetzen und schließen
2022-9-22 09:14:47.906;stopAction
2022-9-22 09:14:48.33;stopTestrun
2022-9-22 09:14:48.172;startTestrun
2022-9-22 09:14:48.289;startAction;  Okular oeffnen
2022-9-22 09:14:50.441;stopAction
2022-9-22 09:14:50.558;startAction;  auf bestimmte Seitenzahl springen
2022-9-22 09:14:53.761;stopAction
2022-9-22 09:14:53.878;startAction; markieren und Bemerkung
2022-9-22 09:15:10.127;stopAction
2022-9-22 09:15:10.245;startAction;  Präsentationsmodus
2022-9-22 09:15:33.561;stopAction
2022-9-22 09:15:33.679;startAction;  links + rechts drehen
2022-9-22 09:15:58.94;stopAction
2022-9-22 09:15:58.211;startAction;  manuelle Seiten vor + zurück
2022-9-22 09:16:18.451;stopAction
2022-9-22 09:16:18.569;startAction;  rein- + rauszoomen
2022-9-22 09:16:28.769;stopAction
2022-9-22 09:16:28.885;startAction;  invertierte Farben aktivieren
2022-9-22 09:16:34.45;stopAction
2022-9-22 09:16:34.162;startAction;  auf bestimmte Seitenzahl springen
2022-9-22 09:16:37.335;stopAction
2022-9-22 09:16:37.452;startAction; markieren und Bemerkung
2022-9-22 09:16:52.727;stopAction
2022-9-22 09:16:52.845;startAction;  Präsentationsmodus
2022-9-22 09:17:16.161;stopAction
2022-9-22 09:17:16.279;startAction;  links + rechts drehen
2022-9-22 09:17:40.698;stopAction
2022-9-22 09:17:40.815;startAction;  manuelle Seiten vor + zurück
2022-9-22 09:18:01.53;stopAction
2022-9-22 09:18:01.171;startAction;  rein- + rauszoomen
2022-9-22 09:18:11.369;stopAction
2022-9-22 09:18:11.486;startAction;  invertierte Farben aktivieren
2022-9-22 09:18:16.648;stopAction
2022-9-22 09:18:16.765;startAction;  zurücksetzen und schließen
2022-9-22 09:18:24.899;stopAction
2022-9-22 09:18:25.26;stopTestrun
2022-9-22 09:18:25.166;startTestrun
2022-9-22 09:18:25.284;startAction;  Okular oeffnen
2022-9-22 09:18:27.434;stopAction
2022-9-22 09:18:27.552;startAction;  auf bestimmte Seitenzahl springen
2022-9-22 09:18:30.754;stopAction
2022-9-22 09:18:30.870;startAction; markieren und Bemerkung
2022-9-22 09:18:47.128;stopAction
2022-9-22 09:18:47.245;startAction;  Präsentationsmodus
2022-9-22 09:19:10.560;stopAction
2022-9-22 09:19:10.678;startAction;  links + rechts drehen
2022-9-22 09:19:35.88;stopAction
2022-9-22 09:19:35.205;startAction;  manuelle Seiten vor + zurück
2022-9-22 09:19:55.444;stopAction
2022-9-22 09:19:55.562;startAction;  rein- + rauszoomen
2022-9-22 09:20:05.762;stopAction
2022-9-22 09:20:05.878;startAction;  invertierte Farben aktivieren
2022-9-22 09:20:11.38;stopAction
2022-9-22 09:20:11.156;startAction;  auf bestimmte Seitenzahl springen
2022-9-22 09:20:14.328;stopAction
2022-9-22 09:20:14.445;startAction; markieren und Bemerkung
2022-9-22 09:20:29.728;stopAction
2022-9-22 09:20:29.846;startAction;  Präsentationsmodus
2022-9-22 09:20:53.162;stopAction
2022-9-22 09:20:53.279;startAction;  links + rechts drehen
2022-9-22 09:21:17.693;stopAction
2022-9-22 09:21:17.810;startAction;  manuelle Seiten vor + zurück
2022-9-22 09:21:38.47;stopAction
2022-9-22 09:21:38.165;startAction;  rein- + rauszoomen
2022-9-22 09:21:48.365;stopAction
2022-9-22 09:21:48.482;startAction;  invertierte Farben aktivieren
2022-9-22 09:21:53.642;stopAction
2022-9-22 09:21:53.760;startAction;  zurücksetzen und schließen
2022-9-22 09:22:01.894;stopAction
2022-9-22 09:22:02.22;stopTestrun
2022-9-22 09:22:02.161;startTestrun
2022-9-22 09:22:02.279;startAction;  Okular oeffnen
2022-9-22 09:22:04.430;stopAction
2022-9-22 09:22:04.548;startAction;  auf bestimmte Seitenzahl springen
2022-9-22 09:22:07.750;stopAction
2022-9-22 09:22:07.866;startAction; markieren und Bemerkung
2022-9-22 09:22:24.127;stopAction
2022-9-22 09:22:24.245;startAction;  Präsentationsmodus
2022-9-22 09:22:47.559;stopAction
2022-9-22 09:22:47.677;startAction;  links + rechts drehen
2022-9-22 09:23:12.97;stopAction
2022-9-22 09:23:12.214;startAction;  manuelle Seiten vor + zurück
2022-9-22 09:23:32.453;stopAction
2022-9-22 09:23:32.571;startAction;  rein- + rauszoomen
2022-9-22 09:23:42.772;stopAction
2022-9-22 09:23:42.888;startAction;  invertierte Farben aktivieren
2022-9-22 09:23:48.44;stopAction
2022-9-22 09:23:48.162;startAction;  auf bestimmte Seitenzahl springen
2022-9-22 09:23:51.333;stopAction
2022-9-22 09:23:51.450;startAction; markieren und Bemerkung
2022-9-22 09:24:06.729;stopAction
2022-9-22 09:24:06.847;startAction;  Präsentationsmodus
2022-9-22 09:24:30.161;stopAction
2022-9-22 09:24:30.279;startAction;  links + rechts drehen
2022-9-22 09:24:54.690;stopAction
2022-9-22 09:24:54.807;startAction;  manuelle Seiten vor + zurück
2022-9-22 09:25:15.45;stopAction
2022-9-22 09:25:15.163;startAction;  rein- + rauszoomen
2022-9-22 09:25:25.364;stopAction
2022-9-22 09:25:25.480;startAction;  invertierte Farben aktivieren
2022-9-22 09:25:30.643;stopAction
2022-9-22 09:25:30.761;startAction;  zurücksetzen und schließen
2022-9-22 09:25:38.895;stopAction
2022-9-22 09:25:39.22;stopTestrun
2022-9-22 09:25:39.161;startTestrun
2022-9-22 09:25:39.279;startAction;  Okular oeffnen
2022-9-22 09:25:41.430;stopAction
2022-9-22 09:25:41.547;startAction;  auf bestimmte Seitenzahl springen
2022-9-22 09:25:44.749;stopAction
2022-9-22 09:25:44.866;startAction; markieren und Bemerkung
2022-9-22 09:26:01.128;stopAction
2022-9-22 09:26:01.245;startAction;  Präsentationsmodus
2022-9-22 09:26:24.562;stopAction
2022-9-22 09:26:24.679;startAction;  links + rechts drehen
2022-9-22 09:26:49.94;stopAction
2022-9-22 09:26:49.212;startAction;  manuelle Seiten vor + zurück
2022-9-22 09:27:09.449;stopAction
2022-9-22 09:27:09.567;startAction;  rein- + rauszoomen
2022-9-22 09:27:19.768;stopAction
2022-9-22 09:27:19.884;startAction;  invertierte Farben aktivieren
2022-9-22 09:27:25.43;stopAction
2022-9-22 09:27:25.161;startAction;  auf bestimmte Seitenzahl springen
2022-9-22 09:27:28.333;stopAction
2022-9-22 09:27:28.450;startAction; markieren und Bemerkung
2022-9-22 09:27:43.728;stopAction
2022-9-22 09:27:43.845;startAction;  Präsentationsmodus
2022-9-22 09:28:07.159;stopAction
2022-9-22 09:28:07.277;startAction;  links + rechts drehen
2022-9-22 09:28:31.685;stopAction
2022-9-22 09:28:31.802;startAction;  manuelle Seiten vor + zurück
2022-9-22 09:28:52.39;stopAction
2022-9-22 09:28:52.156;startAction;  rein- + rauszoomen
2022-9-22 09:29:02.355;stopAction
2022-9-22 09:29:02.472;startAction;  invertierte Farben aktivieren
2022-9-22 09:29:07.635;stopAction
2022-9-22 09:29:07.753;startAction;  zurücksetzen und schließen
2022-9-22 09:29:15.888;stopAction
2022-9-22 09:29:16.15;stopTestrun
2022-9-22 09:29:16.155;startTestrun
2022-9-22 09:29:16.272;startAction;  Okular oeffnen
2022-9-22 09:29:18.422;stopAction
2022-9-22 09:29:18.539;startAction;  auf bestimmte Seitenzahl springen
2022-9-22 09:29:21.737;stopAction
2022-9-22 09:29:21.853;startAction; markieren und Bemerkung
2022-9-22 09:29:38.127;stopAction
2022-9-22 09:29:38.245;startAction;  Präsentationsmodus
2022-9-22 09:30:01.559;stopAction
2022-9-22 09:30:01.676;startAction;  links + rechts drehen
2022-9-22 09:30:26.91;stopAction
2022-9-22 09:30:26.209;startAction;  manuelle Seiten vor + zurück
2022-9-22 09:30:46.448;stopAction
2022-9-22 09:30:46.565;startAction;  rein- + rauszoomen
2022-9-22 09:30:56.766;stopAction
2022-9-22 09:30:56.882;startAction;  invertierte Farben aktivieren
2022-9-22 09:31:02.42;stopAction
2022-9-22 09:31:02.160;startAction;  auf bestimmte Seitenzahl springen
2022-9-22 09:31:05.332;stopAction
2022-9-22 09:31:05.448;startAction; markieren und Bemerkung
2022-9-22 09:31:20.726;stopAction
2022-9-22 09:31:20.844;startAction;  Präsentationsmodus
2022-9-22 09:31:44.158;stopAction
2022-9-22 09:31:44.277;startAction;  links + rechts drehen
2022-9-22 09:32:08.699;stopAction
2022-9-22 09:32:08.818;startAction;  manuelle Seiten vor + zurück
2022-9-22 09:32:29.53;stopAction
2022-9-22 09:32:29.171;startAction;  rein- + rauszoomen
2022-9-22 09:32:39.372;stopAction
2022-9-22 09:32:39.488;startAction;  invertierte Farben aktivieren
2022-9-22 09:32:44.647;stopAction
2022-9-22 09:32:44.766;startAction;  zurücksetzen und schließen
2022-9-22 09:32:52.899;stopAction
2022-9-22 09:32:53.27;stopTestrun
2022-9-22 09:32:53.167;startTestrun
2022-9-22 09:32:53.284;startAction;  Okular oeffnen
2022-9-22 09:32:55.435;stopAction
2022-9-22 09:32:55.553;startAction;  auf bestimmte Seitenzahl springen
2022-9-22 09:32:58.755;stopAction
2022-9-22 09:32:58.871;startAction; markieren und Bemerkung
2022-9-22 09:33:15.128;stopAction
2022-9-22 09:33:15.246;startAction;  Präsentationsmodus
2022-9-22 09:33:38.562;stopAction
2022-9-22 09:33:38.679;startAction;  links + rechts drehen
2022-9-22 09:34:03.88;stopAction
2022-9-22 09:34:03.205;startAction;  manuelle Seiten vor + zurück
2022-9-22 09:34:23.445;stopAction
2022-9-22 09:34:23.562;startAction;  rein- + rauszoomen
2022-9-22 09:34:33.762;stopAction
2022-9-22 09:34:33.879;startAction;  invertierte Farben aktivieren
2022-9-22 09:34:39.36;stopAction
2022-9-22 09:34:39.154;startAction;  auf bestimmte Seitenzahl springen
2022-9-22 09:34:42.324;stopAction
2022-9-22 09:34:42.441;startAction; markieren und Bemerkung
2022-9-22 09:34:57.728;stopAction
2022-9-22 09:34:57.846;startAction;  Präsentationsmodus
2022-9-22 09:35:21.165;stopAction
2022-9-22 09:35:21.283;startAction;  links + rechts drehen
2022-9-22 09:35:45.700;stopAction
2022-9-22 09:35:45.816;startAction;  manuelle Seiten vor + zurück
2022-9-22 09:36:06.51;stopAction
2022-9-22 09:36:06.169;startAction;  rein- + rauszoomen
2022-9-22 09:36:16.368;stopAction
2022-9-22 09:36:16.484;startAction;  invertierte Farben aktivieren
2022-9-22 09:36:21.642;stopAction
2022-9-22 09:36:21.758;startAction;  zurücksetzen und schließen
2022-9-22 09:36:29.891;stopAction
2022-9-22 09:36:30.19;stopTestrun
2022-9-22 09:36:30.158;startTestrun
2022-9-22 09:36:30.276;startAction;  Okular oeffnen
2022-9-22 09:36:32.427;stopAction
2022-9-22 09:36:32.545;startAction;  auf bestimmte Seitenzahl springen
2022-9-22 09:36:35.743;stopAction
2022-9-22 09:36:35.860;startAction; markieren und Bemerkung
2022-9-22 09:36:52.127;stopAction
2022-9-22 09:36:52.245;startAction;  Präsentationsmodus
2022-9-22 09:37:15.561;stopAction
2022-9-22 09:37:15.678;startAction;  links + rechts drehen
2022-9-22 09:37:40.86;stopAction
2022-9-22 09:37:40.203;startAction;  manuelle Seiten vor + zurück
2022-9-22 09:38:00.444;stopAction
2022-9-22 09:38:00.561;startAction;  rein- + rauszoomen
2022-9-22 09:38:10.761;stopAction
2022-9-22 09:38:10.877;startAction;  invertierte Farben aktivieren
2022-9-22 09:38:16.37;stopAction
2022-9-22 09:38:16.156;startAction;  auf bestimmte Seitenzahl springen
2022-9-22 09:38:19.327;stopAction
2022-9-22 09:38:19.443;startAction; markieren und Bemerkung
2022-9-22 09:38:34.726;stopAction
2022-9-22 09:38:34.844;startAction;  Präsentationsmodus
2022-9-22 09:38:58.160;stopAction
2022-9-22 09:38:58.278;startAction;  links + rechts drehen
2022-9-22 09:39:22.706;stopAction
2022-9-22 09:39:22.823;startAction;  manuelle Seiten vor + zurück
2022-9-22 09:39:43.60;stopAction
2022-9-22 09:39:43.178;startAction;  rein- + rauszoomen
2022-9-22 09:39:53.379;stopAction
2022-9-22 09:39:53.495;startAction;  invertierte Farben aktivieren
2022-9-22 09:39:58.656;stopAction
2022-9-22 09:39:58.773;startAction;  zurücksetzen und schließen
2022-9-22 09:40:06.907;stopAction
2022-9-22 09:40:07.35;stopTestrun
2022-9-22 09:40:07.174;startTestrun
2022-9-22 09:40:07.291;startAction;  Okular oeffnen
2022-9-22 09:40:09.442;stopAction
2022-9-22 09:40:09.559;startAction;  auf bestimmte Seitenzahl springen
2022-9-22 09:40:12.762;stopAction
2022-9-22 09:40:12.878;startAction; markieren und Bemerkung
2022-9-22 09:40:29.127;stopAction
2022-9-22 09:40:29.245;startAction;  Präsentationsmodus
2022-9-22 09:40:52.562;stopAction
2022-9-22 09:40:52.680;startAction;  links + rechts drehen
2022-9-22 09:41:17.93;stopAction
2022-9-22 09:41:17.211;startAction;  manuelle Seiten vor + zurück
2022-9-22 09:41:37.450;stopAction
2022-9-22 09:41:37.567;startAction;  rein- + rauszoomen
2022-9-22 09:41:47.768;stopAction
2022-9-22 09:41:47.885;startAction;  invertierte Farben aktivieren
2022-9-22 09:41:53.45;stopAction
2022-9-22 09:41:53.163;startAction;  auf bestimmte Seitenzahl springen
2022-9-22 09:41:56.335;stopAction
2022-9-22 09:41:56.450;startAction; markieren und Bemerkung
2022-9-22 09:42:11.727;stopAction
2022-9-22 09:42:11.845;startAction;  Präsentationsmodus
2022-9-22 09:42:35.161;stopAction
2022-9-22 09:42:35.279;startAction;  links + rechts drehen
2022-9-22 09:42:59.694;stopAction
2022-9-22 09:42:59.810;startAction;  manuelle Seiten vor + zurück
2022-9-22 09:43:20.49;stopAction
2022-9-22 09:43:20.166;startAction;  rein- + rauszoomen
2022-9-22 09:43:30.365;stopAction
2022-9-22 09:43:30.482;startAction;  invertierte Farben aktivieren
2022-9-22 09:43:35.642;stopAction
2022-9-22 09:43:35.759;startAction;  zurücksetzen und schließen
2022-9-22 09:43:43.894;stopAction
2022-9-22 09:43:44.22;stopTestrun
2022-9-22 09:43:44.161;startTestrun
2022-9-22 09:43:44.278;startAction;  Okular oeffnen
2022-9-22 09:43:46.429;stopAction
2022-9-22 09:43:46.547;startAction;  auf bestimmte Seitenzahl springen
2022-9-22 09:43:49.748;stopAction
2022-9-22 09:43:49.864;startAction; markieren und Bemerkung
2022-9-22 09:44:06.128;stopAction
2022-9-22 09:44:06.246;startAction;  Präsentationsmodus
2022-9-22 09:44:29.561;stopAction
2022-9-22 09:44:29.678;startAction;  links + rechts drehen
2022-9-22 09:44:54.93;stopAction
2022-9-22 09:44:54.210;startAction;  manuelle Seiten vor + zurück
2022-9-22 09:45:14.450;stopAction
2022-9-22 09:45:14.567;startAction;  rein- + rauszoomen
2022-9-22 09:45:24.767;stopAction
2022-9-22 09:45:24.883;startAction;  invertierte Farben aktivieren
2022-9-22 09:45:30.43;stopAction
2022-9-22 09:45:30.160;startAction;  auf bestimmte Seitenzahl springen
2022-9-22 09:45:33.332;stopAction
2022-9-22 09:45:33.449;startAction; markieren und Bemerkung
2022-9-22 09:45:48.727;stopAction
2022-9-22 09:45:48.844;startAction;  Präsentationsmodus
2022-9-22 09:46:12.159;stopAction
2022-9-22 09:46:12.277;startAction;  links + rechts drehen
2022-9-22 09:46:36.706;stopAction
2022-9-22 09:46:36.822;startAction;  manuelle Seiten vor + zurück
2022-9-22 09:46:57.62;stopAction
2022-9-22 09:46:57.179;startAction;  rein- + rauszoomen
2022-9-22 09:47:07.378;stopAction
2022-9-22 09:47:07.494;startAction;  invertierte Farben aktivieren
2022-9-22 09:47:12.657;stopAction
2022-9-22 09:47:12.775;startAction;  zurücksetzen und schließen
2022-9-22 09:47:20.910;stopAction
2022-9-22 09:47:21.38;stopTestrun
2022-9-22 09:47:21.177;startTestrun
2022-9-22 09:47:21.295;startAction;  Okular oeffnen
2022-9-22 09:47:23.446;stopAction
2022-9-22 09:47:23.563;startAction;  auf bestimmte Seitenzahl springen
2022-9-22 09:47:26.765;stopAction
2022-9-22 09:47:26.881;startAction; markieren und Bemerkung
2022-9-22 09:47:43.127;stopAction
2022-9-22 09:47:43.244;startAction;  Präsentationsmodus
2022-9-22 09:48:06.562;stopAction
2022-9-22 09:48:06.679;startAction;  links + rechts drehen
2022-9-22 09:48:31.92;stopAction
2022-9-22 09:48:31.209;startAction;  manuelle Seiten vor + zurück
2022-9-22 09:48:51.446;stopAction
2022-9-22 09:48:51.564;startAction;  rein- + rauszoomen
2022-9-22 09:49:01.764;stopAction
2022-9-22 09:49:01.881;startAction;  invertierte Farben aktivieren
2022-9-22 09:49:07.40;stopAction
2022-9-22 09:49:07.158;startAction;  auf bestimmte Seitenzahl springen
2022-9-22 09:49:10.330;stopAction
2022-9-22 09:49:10.447;startAction; markieren und Bemerkung
2022-9-22 09:49:25.727;stopAction
2022-9-22 09:49:25.844;startAction;  Präsentationsmodus
2022-9-22 09:49:49.162;stopAction
2022-9-22 09:49:49.279;startAction;  links + rechts drehen
2022-9-22 09:50:13.707;stopAction
2022-9-22 09:50:13.823;startAction;  manuelle Seiten vor + zurück
2022-9-22 09:50:34.63;stopAction
2022-9-22 09:50:34.181;startAction;  rein- + rauszoomen
2022-9-22 09:50:44.382;stopAction
2022-9-22 09:50:44.499;startAction;  invertierte Farben aktivieren
2022-9-22 09:50:49.659;stopAction
2022-9-22 09:50:49.777;startAction;  zurücksetzen und schließen
2022-9-22 09:50:57.912;stopAction
2022-9-22 09:50:58.40;stopTestrun
2022-9-22 09:50:58.179;startTestrun
2022-9-22 09:50:58.297;startAction;  Okular oeffnen
2022-9-22 09:51:00.448;stopAction
2022-9-22 09:51:00.565;startAction;  auf bestimmte Seitenzahl springen
2022-9-22 09:51:03.769;stopAction
2022-9-22 09:51:03.886;startAction; markieren und Bemerkung
2022-9-22 09:51:20.128;stopAction
2022-9-22 09:51:20.246;startAction;  Präsentationsmodus
2022-9-22 09:51:43.562;stopAction
2022-9-22 09:51:43.679;startAction;  links + rechts drehen
2022-9-22 09:52:08.92;stopAction
2022-9-22 09:52:08.210;startAction;  manuelle Seiten vor + zurück
2022-9-22 09:52:28.447;stopAction
2022-9-22 09:52:28.565;startAction;  rein- + rauszoomen
2022-9-22 09:52:38.764;stopAction
2022-9-22 09:52:38.881;startAction;  invertierte Farben aktivieren
2022-9-22 09:52:44.38;stopAction
2022-9-22 09:52:44.156;startAction;  auf bestimmte Seitenzahl springen
2022-9-22 09:52:47.327;stopAction
2022-9-22 09:52:47.444;startAction; markieren und Bemerkung
2022-9-22 09:53:02.727;stopAction
2022-9-22 09:53:02.845;startAction;  Präsentationsmodus
2022-9-22 09:53:26.161;stopAction
2022-9-22 09:53:26.279;startAction;  links + rechts drehen
2022-9-22 09:53:50.691;stopAction
2022-9-22 09:53:50.807;startAction;  manuelle Seiten vor + zurück
2022-9-22 09:54:11.45;stopAction
2022-9-22 09:54:11.163;startAction;  rein- + rauszoomen
2022-9-22 09:54:21.363;stopAction
2022-9-22 09:54:21.479;startAction;  invertierte Farben aktivieren
2022-9-22 09:54:26.642;stopAction
2022-9-22 09:54:26.759;startAction;  zurücksetzen und schließen
2022-9-22 09:54:34.895;stopAction
2022-9-22 09:54:35.23;stopTestrun
2022-9-22 09:54:35.162;startTestrun
2022-9-22 09:54:35.279;startAction;  Okular oeffnen
2022-9-22 09:54:37.431;stopAction
2022-9-22 09:54:37.548;startAction;  auf bestimmte Seitenzahl springen
2022-9-22 09:54:40.750;stopAction
2022-9-22 09:54:40.866;startAction; markieren und Bemerkung
2022-9-22 09:54:57.127;stopAction
2022-9-22 09:54:57.245;startAction;  Präsentationsmodus
2022-9-22 09:55:20.558;stopAction
2022-9-22 09:55:20.676;startAction;  links + rechts drehen
2022-9-22 09:55:45.98;stopAction
2022-9-22 09:55:45.216;startAction;  manuelle Seiten vor + zurück
2022-9-22 09:56:05.455;stopAction
2022-9-22 09:56:05.572;startAction;  rein- + rauszoomen
2022-9-22 09:56:15.770;stopAction
2022-9-22 09:56:15.887;startAction;  invertierte Farben aktivieren
2022-9-22 09:56:21.45;stopAction
2022-9-22 09:56:21.162;startAction;  auf bestimmte Seitenzahl springen
2022-9-22 09:56:24.332;stopAction
2022-9-22 09:56:24.449;startAction; markieren und Bemerkung
2022-9-22 09:56:39.726;stopAction
2022-9-22 09:56:39.844;startAction;  Präsentationsmodus
2022-9-22 09:57:03.161;stopAction
2022-9-22 09:57:03.279;startAction;  links + rechts drehen
2022-9-22 09:57:27.691;stopAction
2022-9-22 09:57:27.807;startAction;  manuelle Seiten vor + zurück
2022-9-22 09:57:48.43;stopAction
2022-9-22 09:57:48.161;startAction;  rein- + rauszoomen
2022-9-22 09:57:58.362;stopAction
2022-9-22 09:57:58.479;startAction;  invertierte Farben aktivieren
2022-9-22 09:58:03.638;stopAction
2022-9-22 09:58:03.755;startAction;  zurücksetzen und schließen
2022-9-22 09:58:11.888;stopAction
2022-9-22 09:58:12.16;stopTestrun
2022-9-22 09:58:12.155;startTestrun
2022-9-22 09:58:12.273;startAction;  Okular oeffnen
2022-9-22 09:58:14.423;stopAction
2022-9-22 09:58:14.541;startAction;  auf bestimmte Seitenzahl springen
2022-9-22 09:58:17.740;stopAction
2022-9-22 09:58:17.856;startAction; markieren und Bemerkung
2022-9-22 09:58:34.128;stopAction
2022-9-22 09:58:34.246;startAction;  Präsentationsmodus
2022-9-22 09:58:57.563;stopAction
2022-9-22 09:58:57.681;startAction;  links + rechts drehen
2022-9-22 09:59:22.96;stopAction
2022-9-22 09:59:22.213;startAction;  manuelle Seiten vor + zurück
2022-9-22 09:59:42.452;stopAction
2022-9-22 09:59:42.569;startAction;  rein- + rauszoomen
2022-9-22 09:59:52.767;stopAction
2022-9-22 09:59:52.883;startAction;  invertierte Farben aktivieren
2022-9-22 09:59:58.43;stopAction
2022-9-22 09:59:58.161;startAction;  auf bestimmte Seitenzahl springen
2022-9-22 10:00:01.331;stopAction
2022-9-22 10:00:01.447;startAction; markieren und Bemerkung
2022-9-22 10:00:16.728;stopAction
2022-9-22 10:00:16.846;startAction;  Präsentationsmodus
2022-9-22 10:00:40.161;stopAction
2022-9-22 10:00:40.278;startAction;  links + rechts drehen
2022-9-22 10:01:04.698;stopAction
2022-9-22 10:01:04.814;startAction;  manuelle Seiten vor + zurück
2022-9-22 10:01:25.52;stopAction
2022-9-22 10:01:25.170;startAction;  rein- + rauszoomen
2022-9-22 10:01:35.370;stopAction
2022-9-22 10:01:35.486;startAction;  invertierte Farben aktivieren
2022-9-22 10:01:40.645;stopAction
2022-9-22 10:01:40.762;startAction;  zurücksetzen und schließen
2022-9-22 10:01:48.897;stopAction
2022-9-22 10:01:49.24;stopTestrun
2022-9-22 10:01:49.163;startTestrun
2022-9-22 10:01:49.281;startAction;  Okular oeffnen
2022-9-22 10:01:51.433;stopAction
2022-9-22 10:01:51.551;startAction;  auf bestimmte Seitenzahl springen
2022-9-22 10:01:54.753;stopAction
2022-9-22 10:01:54.869;startAction; markieren und Bemerkung
2022-9-22 10:02:11.127;stopAction
2022-9-22 10:02:11.245;startAction;  Präsentationsmodus
2022-9-22 10:02:34.563;stopAction
2022-9-22 10:02:34.681;startAction;  links + rechts drehen
2022-9-22 10:02:59.95;stopAction
2022-9-22 10:02:59.212;startAction;  manuelle Seiten vor + zurück
2022-9-22 10:03:19.451;stopAction
2022-9-22 10:03:19.569;startAction;  rein- + rauszoomen
2022-9-22 10:03:29.769;stopAction
2022-9-22 10:03:29.886;startAction;  invertierte Farben aktivieren
2022-9-22 10:03:35.44;stopAction
2022-9-22 10:03:35.162;startAction;  auf bestimmte Seitenzahl springen
2022-9-22 10:03:38.333;stopAction
2022-9-22 10:03:38.450;startAction; markieren und Bemerkung
2022-9-22 10:03:53.729;stopAction
2022-9-22 10:03:53.847;startAction;  Präsentationsmodus
2022-9-22 10:04:17.161;stopAction
2022-9-22 10:04:17.279;startAction;  links + rechts drehen
2022-9-22 10:04:41.698;stopAction
2022-9-22 10:04:41.814;startAction;  manuelle Seiten vor + zurück
2022-9-22 10:05:02.50;stopAction
2022-9-22 10:05:02.168;startAction;  rein- + rauszoomen
2022-9-22 10:05:12.367;stopAction
2022-9-22 10:05:12.484;startAction;  invertierte Farben aktivieren
2022-9-22 10:05:17.646;stopAction
2022-9-22 10:05:17.763;startAction;  zurücksetzen und schließen
2022-9-22 10:05:25.898;stopAction
2022-9-22 10:05:26.26;stopTestrun
2022-9-22 10:05:26.165;startTestrun
2022-9-22 10:05:26.283;startAction;  Okular oeffnen
2022-9-22 10:05:28.433;stopAction
2022-9-22 10:05:28.551;startAction;  auf bestimmte Seitenzahl springen
2022-9-22 10:05:31.754;stopAction
2022-9-22 10:05:31.870;startAction; markieren und Bemerkung
2022-9-22 10:05:48.128;stopAction
2022-9-22 10:05:48.245;startAction;  Präsentationsmodus
2022-9-22 10:06:11.562;stopAction
2022-9-22 10:06:11.679;startAction;  links + rechts drehen
2022-9-22 10:06:36.97;stopAction
2022-9-22 10:06:36.215;startAction;  manuelle Seiten vor + zurück
2022-9-22 10:06:56.457;stopAction
2022-9-22 10:06:56.574;startAction;  rein- + rauszoomen
2022-9-22 10:07:06.774;stopAction
2022-9-22 10:07:06.891;startAction;  invertierte Farben aktivieren
2022-9-22 10:07:12.50;stopAction
2022-9-22 10:07:12.169;startAction;  auf bestimmte Seitenzahl springen
2022-9-22 10:07:15.340;stopAction
2022-9-22 10:07:15.457;startAction; markieren und Bemerkung
2022-9-22 10:07:30.727;stopAction
2022-9-22 10:07:30.845;startAction;  Präsentationsmodus
2022-9-22 10:07:54.160;stopAction
2022-9-22 10:07:54.277;startAction;  links + rechts drehen
2022-9-22 10:08:18.700;stopAction
2022-9-22 10:08:18.817;startAction;  manuelle Seiten vor + zurück
2022-9-22 10:08:39.53;stopAction
2022-9-22 10:08:39.171;startAction;  rein- + rauszoomen
2022-9-22 10:08:49.371;stopAction
2022-9-22 10:08:49.488;startAction;  invertierte Farben aktivieren
2022-9-22 10:08:54.649;stopAction
2022-9-22 10:08:54.767;startAction;  zurücksetzen und schließen
2022-9-22 10:09:02.902;stopAction
2022-9-22 10:09:03.30;stopTestrun
2022-9-22 10:09:03.170;startTestrun
2022-9-22 10:09:03.287;startAction;  Okular oeffnen
2022-9-22 10:09:05.439;stopAction
2022-9-22 10:09:05.557;startAction;  auf bestimmte Seitenzahl springen
2022-9-22 10:09:08.758;stopAction
2022-9-22 10:09:08.875;startAction; markieren und Bemerkung
2022-9-22 10:09:25.127;stopAction
2022-9-22 10:09:25.245;startAction;  Präsentationsmodus
2022-9-22 10:09:48.561;stopAction
2022-9-22 10:09:48.679;startAction;  links + rechts drehen
2022-9-22 10:10:13.86;stopAction
2022-9-22 10:10:13.202;startAction;  manuelle Seiten vor + zurück
2022-9-22 10:10:33.442;stopAction
2022-9-22 10:10:33.560;startAction;  rein- + rauszoomen
2022-9-22 10:10:43.759;stopAction
2022-9-22 10:10:43.876;startAction;  invertierte Farben aktivieren
2022-9-22 10:10:49.34;stopAction
2022-9-22 10:10:49.151;startAction;  auf bestimmte Seitenzahl springen
2022-9-22 10:10:52.321;stopAction
2022-9-22 10:10:52.438;startAction; markieren und Bemerkung
2022-9-22 10:11:07.728;stopAction
2022-9-22 10:11:07.846;startAction;  Präsentationsmodus
2022-9-22 10:11:31.162;stopAction
2022-9-22 10:11:31.280;startAction;  links + rechts drehen
2022-9-22 10:11:55.693;stopAction
2022-9-22 10:11:55.810;startAction;  manuelle Seiten vor + zurück
2022-9-22 10:12:16.48;stopAction
2022-9-22 10:12:16.166;startAction;  rein- + rauszoomen
2022-9-22 10:12:26.366;stopAction
2022-9-22 10:12:26.483;startAction;  invertierte Farben aktivieren
2022-9-22 10:12:31.644;stopAction
2022-9-22 10:12:31.762;startAction;  zurücksetzen und schließen
2022-9-22 10:12:39.895;stopAction
2022-9-22 10:12:40.22;stopTestrun
2022-9-22 10:12:40.162;startTestrun
2022-9-22 10:12:40.279;startAction;  Okular oeffnen
2022-9-22 10:12:42.431;stopAction
2022-9-22 10:12:42.548;startAction;  auf bestimmte Seitenzahl springen
2022-9-22 10:12:45.750;stopAction
2022-9-22 10:12:45.866;startAction; markieren und Bemerkung
2022-9-22 10:13:02.128;stopAction
2022-9-22 10:13:02.245;startAction;  Präsentationsmodus
2022-9-22 10:13:25.563;stopAction
2022-9-22 10:13:25.680;startAction;  links + rechts drehen
2022-9-22 10:13:50.105;stopAction
2022-9-22 10:13:50.223;startAction;  manuelle Seiten vor + zurück
2022-9-22 10:14:10.461;stopAction
2022-9-22 10:14:10.579;startAction;  rein- + rauszoomen
2022-9-22 10:14:20.779;stopAction
2022-9-22 10:14:20.895;startAction;  invertierte Farben aktivieren
2022-9-22 10:14:26.54;stopAction
2022-9-22 10:14:26.172;startAction;  auf bestimmte Seitenzahl springen
2022-9-22 10:14:29.342;stopAction
2022-9-22 10:14:29.459;startAction; markieren und Bemerkung
2022-9-22 10:14:44.729;stopAction
2022-9-22 10:14:44.846;startAction;  Präsentationsmodus
2022-9-22 10:15:08.163;stopAction
2022-9-22 10:15:08.281;startAction;  links + rechts drehen
2022-9-22 10:15:32.697;stopAction
2022-9-22 10:15:32.814;startAction;  manuelle Seiten vor + zurück
2022-9-22 10:15:53.51;stopAction
2022-9-22 10:15:53.168;startAction;  rein- + rauszoomen
2022-9-22 10:16:03.369;stopAction
2022-9-22 10:16:03.486;startAction;  invertierte Farben aktivieren
2022-9-22 10:16:08.647;stopAction
2022-9-22 10:16:08.764;startAction;  zurücksetzen und schließen
2022-9-22 10:16:16.899;stopAction
2022-9-22 10:16:17.26;stopTestrun
2022-9-22 10:16:17.166;startTestrun
2022-9-22 10:16:17.283;startAction;  Okular oeffnen
2022-9-22 10:16:19.435;stopAction
2022-9-22 10:16:19.553;startAction;  auf bestimmte Seitenzahl springen
2022-9-22 10:16:22.756;stopAction
2022-9-22 10:16:22.873;startAction; markieren und Bemerkung
2022-9-22 10:16:39.128;stopAction
2022-9-22 10:16:39.246;startAction;  Präsentationsmodus
2022-9-22 10:17:02.562;stopAction
2022-9-22 10:17:02.680;startAction;  links + rechts drehen
2022-9-22 10:17:27.100;stopAction
2022-9-22 10:17:27.217;startAction;  manuelle Seiten vor + zurück
2022-9-22 10:17:47.457;stopAction
2022-9-22 10:17:47.575;startAction;  rein- + rauszoomen
2022-9-22 10:17:57.776;stopAction
2022-9-22 10:17:57.892;startAction;  invertierte Farben aktivieren
2022-9-22 10:18:03.51;stopAction
2022-9-22 10:18:03.169;startAction;  auf bestimmte Seitenzahl springen
2022-9-22 10:18:06.339;stopAction
2022-9-22 10:18:06.456;startAction; markieren und Bemerkung
2022-9-22 10:18:21.727;stopAction
2022-9-22 10:18:21.845;startAction;  Präsentationsmodus
2022-9-22 10:18:45.160;stopAction
2022-9-22 10:18:45.278;startAction;  links + rechts drehen
2022-9-22 10:19:09.686;stopAction
2022-9-22 10:19:09.804;startAction;  manuelle Seiten vor + zurück
2022-9-22 10:19:30.42;stopAction
2022-9-22 10:19:30.159;startAction;  rein- + rauszoomen
2022-9-22 10:19:40.357;stopAction
2022-9-22 10:19:40.474;startAction;  invertierte Farben aktivieren
2022-9-22 10:19:45.635;stopAction
2022-9-22 10:19:45.753;startAction;  zurücksetzen und schließen
2022-9-22 10:19:53.888;stopAction
2022-9-22 10:19:54.16;stopTestrun
2022-9-22 10:19:54.154;startTestrun
2022-9-22 10:19:54.272;startAction;  Okular oeffnen
2022-9-22 10:19:56.422;stopAction
2022-9-22 10:19:56.540;startAction;  auf bestimmte Seitenzahl springen
2022-9-22 10:19:59.737;stopAction
2022-9-22 10:19:59.854;startAction; markieren und Bemerkung
2022-9-22 10:20:16.127;stopAction
2022-9-22 10:20:16.245;startAction;  Präsentationsmodus
2022-9-22 10:20:39.561;stopAction
2022-9-22 10:20:39.680;startAction;  links + rechts drehen
2022-9-22 10:21:04.92;stopAction
2022-9-22 10:21:04.210;startAction;  manuelle Seiten vor + zurück
2022-9-22 10:21:24.450;stopAction
2022-9-22 10:21:24.568;startAction;  rein- + rauszoomen
2022-9-22 10:21:34.769;stopAction
2022-9-22 10:21:34.885;startAction;  invertierte Farben aktivieren
2022-9-22 10:21:40.43;stopAction
2022-9-22 10:21:40.162;startAction;  auf bestimmte Seitenzahl springen
2022-9-22 10:21:43.333;stopAction
2022-9-22 10:21:43.450;startAction; markieren und Bemerkung
2022-9-22 10:21:58.727;stopAction
2022-9-22 10:21:58.845;startAction;  Präsentationsmodus
2022-9-22 10:22:22.160;stopAction
2022-9-22 10:22:22.277;startAction;  links + rechts drehen
2022-9-22 10:22:46.706;stopAction
2022-9-22 10:22:46.824;startAction;  manuelle Seiten vor + zurück
2022-9-22 10:23:07.63;stopAction
2022-9-22 10:23:07.181;startAction;  rein- + rauszoomen
2022-9-22 10:23:17.380;stopAction
2022-9-22 10:23:17.497;startAction;  invertierte Farben aktivieren
2022-9-22 10:23:22.657;stopAction
2022-9-22 10:23:22.775;startAction;  zurücksetzen und schließen
2022-9-22 10:23:30.909;stopAction
2022-9-22 10:23:31.37;stopTestrun
2022-9-22 10:23:31.176;startTestrun
2022-9-22 10:23:31.294;startAction;  Okular oeffnen
2022-9-22 10:23:33.445;stopAction
2022-9-22 10:23:33.563;startAction;  auf bestimmte Seitenzahl springen
2022-9-22 10:23:36.765;stopAction
2022-9-22 10:23:36.881;startAction; markieren und Bemerkung
2022-9-22 10:23:53.128;stopAction
2022-9-22 10:23:53.245;startAction;  Präsentationsmodus
2022-9-22 10:24:16.560;stopAction
2022-9-22 10:24:16.677;startAction;  links + rechts drehen
2022-9-22 10:24:41.92;stopAction
2022-9-22 10:24:41.210;startAction;  manuelle Seiten vor + zurück
2022-9-22 10:25:01.446;stopAction
2022-9-22 10:25:01.564;startAction;  rein- + rauszoomen
2022-9-22 10:25:11.765;stopAction
2022-9-22 10:25:11.881;startAction;  invertierte Farben aktivieren
2022-9-22 10:25:17.41;stopAction
2022-9-22 10:25:17.159;startAction;  auf bestimmte Seitenzahl springen
2022-9-22 10:25:20.329;stopAction
2022-9-22 10:25:20.446;startAction; markieren und Bemerkung
2022-9-22 10:25:35.729;stopAction
2022-9-22 10:25:35.846;startAction;  Präsentationsmodus
2022-9-22 10:25:59.161;stopAction
2022-9-22 10:25:59.279;startAction;  links + rechts drehen
2022-9-22 10:26:23.691;stopAction
2022-9-22 10:26:23.809;startAction;  manuelle Seiten vor + zurück
2022-9-22 10:26:44.46;stopAction
2022-9-22 10:26:44.163;startAction;  rein- + rauszoomen
2022-9-22 10:26:54.364;stopAction
2022-9-22 10:26:54.481;startAction;  invertierte Farben aktivieren
2022-9-22 10:26:59.642;stopAction
2022-9-22 10:26:59.760;startAction;  zurücksetzen und schließen
2022-9-22 10:27:07.894;stopAction
2022-9-22 10:27:08.22;stopTestrun
2022-9-22 10:27:08.161;startTestrun
2022-9-22 10:27:08.279;startAction;  Okular oeffnen
2022-9-22 10:27:10.431;stopAction
2022-9-22 10:27:10.549;startAction;  auf bestimmte Seitenzahl springen
2022-9-22 10:27:13.750;stopAction
2022-9-22 10:27:13.867;startAction; markieren und Bemerkung
2022-9-22 10:27:30.129;stopAction
2022-9-22 10:27:30.247;startAction;  Präsentationsmodus
2022-9-22 10:27:53.563;stopAction
2022-9-22 10:27:53.680;startAction;  links + rechts drehen
2022-9-22 10:28:18.95;stopAction
2022-9-22 10:28:18.213;startAction;  manuelle Seiten vor + zurück
2022-9-22 10:28:38.452;stopAction
2022-9-22 10:28:38.570;startAction;  rein- + rauszoomen
2022-9-22 10:28:48.771;stopAction
2022-9-22 10:28:48.887;startAction;  invertierte Farben aktivieren
2022-9-22 10:28:54.49;stopAction
2022-9-22 10:28:54.167;startAction;  auf bestimmte Seitenzahl springen
2022-9-22 10:28:57.339;stopAction
2022-9-22 10:28:57.456;startAction; markieren und Bemerkung
2022-9-22 10:29:12.729;stopAction
2022-9-22 10:29:12.847;startAction;  Präsentationsmodus
2022-9-22 10:29:36.164;stopAction
2022-9-22 10:29:36.281;startAction;  links + rechts drehen
2022-9-22 10:30:00.699;stopAction
2022-9-22 10:30:00.816;startAction;  manuelle Seiten vor + zurück
2022-9-22 10:30:21.54;stopAction
2022-9-22 10:30:21.172;startAction;  rein- + rauszoomen
2022-9-22 10:30:31.369;stopAction
2022-9-22 10:30:31.486;startAction;  invertierte Farben aktivieren
2022-9-22 10:30:36.648;stopAction
2022-9-22 10:30:36.766;startAction;  zurücksetzen und schließen
2022-9-22 10:30:44.898;stopAction
2022-9-22 10:30:45.26;stopTestrun
2022-9-22 10:30:45.165;startTestrun
2022-9-22 10:30:45.283;startAction;  Okular oeffnen
2022-9-22 10:30:47.434;stopAction
2022-9-22 10:30:47.551;startAction;  auf bestimmte Seitenzahl springen
2022-9-22 10:30:50.753;stopAction
2022-9-22 10:30:50.870;startAction; markieren und Bemerkung
2022-9-22 10:31:07.128;stopAction
2022-9-22 10:31:07.246;startAction;  Präsentationsmodus
2022-9-22 10:31:30.560;stopAction
2022-9-22 10:31:30.678;startAction;  links + rechts drehen
2022-9-22 10:31:55.83;stopAction
2022-9-22 10:31:55.201;startAction;  manuelle Seiten vor + zurück
2022-9-22 10:32:15.441;stopAction
2022-9-22 10:32:15.559;startAction;  rein- + rauszoomen
2022-9-22 10:32:25.759;stopAction
2022-9-22 10:32:25.875;startAction;  invertierte Farben aktivieren
2022-9-22 10:32:31.34;stopAction
2022-9-22 10:32:31.152;startAction;  auf bestimmte Seitenzahl springen
2022-9-22 10:32:34.323;stopAction
2022-9-22 10:32:34.441;startAction; markieren und Bemerkung
2022-9-22 10:32:49.727;stopAction
2022-9-22 10:32:49.844;startAction;  Präsentationsmodus
2022-9-22 10:33:13.160;stopAction
2022-9-22 10:33:13.277;startAction;  links + rechts drehen
2022-9-22 10:33:37.700;stopAction
2022-9-22 10:33:37.817;startAction;  manuelle Seiten vor + zurück
2022-9-22 10:33:58.55;stopAction
2022-9-22 10:33:58.173;startAction;  rein- + rauszoomen
2022-9-22 10:34:08.373;stopAction
2022-9-22 10:34:08.490;startAction;  invertierte Farben aktivieren
2022-9-22 10:34:13.651;stopAction
2022-9-22 10:34:13.769;startAction;  zurücksetzen und schließen
2022-9-22 10:34:21.904;stopAction
2022-9-22 10:34:22.31;stopTestrun
2022-9-22 10:34:22.170;startTestrun
2022-9-22 10:34:22.288;startAction;  Okular oeffnen
2022-9-22 10:34:24.439;stopAction
2022-9-22 10:34:24.557;startAction;  auf bestimmte Seitenzahl springen
2022-9-22 10:34:27.758;stopAction
2022-9-22 10:34:27.874;startAction; markieren und Bemerkung
2022-9-22 10:34:44.128;stopAction
2022-9-22 10:34:44.246;startAction;  Präsentationsmodus
2022-9-22 10:35:07.562;stopAction
2022-9-22 10:35:07.680;startAction;  links + rechts drehen
2022-9-22 10:35:32.100;stopAction
2022-9-22 10:35:32.217;startAction;  manuelle Seiten vor + zurück
2022-9-22 10:35:52.456;stopAction
2022-9-22 10:35:52.574;startAction;  rein- + rauszoomen
2022-9-22 10:36:02.772;stopAction
2022-9-22 10:36:02.889;startAction;  invertierte Farben aktivieren
2022-9-22 10:36:08.47;stopAction
2022-9-22 10:36:08.165;startAction;  auf bestimmte Seitenzahl springen
2022-9-22 10:36:11.336;stopAction
2022-9-22 10:36:11.452;startAction; markieren und Bemerkung
2022-9-22 10:36:26.729;stopAction
2022-9-22 10:36:26.846;startAction;  Präsentationsmodus
2022-9-22 10:36:50.164;stopAction
2022-9-22 10:36:50.282;startAction;  links + rechts drehen
2022-9-22 10:37:14.701;stopAction
2022-9-22 10:37:14.819;startAction;  manuelle Seiten vor + zurück
2022-9-22 10:37:35.57;stopAction
2022-9-22 10:37:35.175;startAction;  rein- + rauszoomen
2022-9-22 10:37:45.371;stopAction
2022-9-22 10:37:45.488;startAction;  invertierte Farben aktivieren
2022-9-22 10:37:50.646;stopAction
2022-9-22 10:37:50.764;startAction;  zurücksetzen und schließen
2022-9-22 10:37:58.900;stopAction
2022-9-22 10:37:59.27;stopTestrun
2022-9-22 10:37:59.166;startTestrun
2022-9-22 10:37:59.284;startAction;  Okular oeffnen
2022-9-22 10:38:01.435;stopAction
2022-9-22 10:38:01.552;startAction;  auf bestimmte Seitenzahl springen
2022-9-22 10:38:04.754;stopAction
2022-9-22 10:38:04.870;startAction; markieren und Bemerkung
2022-9-22 10:38:21.127;stopAction
2022-9-22 10:38:21.245;startAction;  Präsentationsmodus
2022-9-22 10:38:44.561;stopAction
2022-9-22 10:38:44.679;startAction;  links + rechts drehen
2022-9-22 10:39:09.91;stopAction
2022-9-22 10:39:09.209;startAction;  manuelle Seiten vor + zurück
2022-9-22 10:39:29.447;stopAction
2022-9-22 10:39:29.565;startAction;  rein- + rauszoomen
2022-9-22 10:39:39.764;stopAction
2022-9-22 10:39:39.881;startAction;  invertierte Farben aktivieren
2022-9-22 10:39:45.39;stopAction
2022-9-22 10:39:45.157;startAction;  auf bestimmte Seitenzahl springen
2022-9-22 10:39:48.328;stopAction
2022-9-22 10:39:48.445;startAction; markieren und Bemerkung
2022-9-22 10:40:03.727;stopAction
2022-9-22 10:40:03.845;startAction;  Präsentationsmodus
2022-9-22 10:40:27.161;stopAction
2022-9-22 10:40:27.278;startAction;  links + rechts drehen
2022-9-22 10:40:51.695;stopAction
2022-9-22 10:40:51.812;startAction;  manuelle Seiten vor + zurück
2022-9-22 10:41:12.50;stopAction
2022-9-22 10:41:12.168;startAction;  rein- + rauszoomen
2022-9-22 10:41:22.367;stopAction
2022-9-22 10:41:22.484;startAction;  invertierte Farben aktivieren
2022-9-22 10:41:27.643;stopAction
2022-9-22 10:41:27.760;startAction;  zurücksetzen und schließen
2022-9-22 10:41:35.895;stopAction
2022-9-22 10:41:36.23;stopTestrun
2022-9-22 10:41:36.162;startTestrun
2022-9-22 10:41:36.280;startAction;  Okular oeffnen
2022-9-22 10:41:38.431;stopAction
2022-9-22 10:41:38.548;startAction;  auf bestimmte Seitenzahl springen
2022-9-22 10:41:41.751;stopAction
2022-9-22 10:41:41.868;startAction; markieren und Bemerkung
2022-9-22 10:41:58.127;stopAction
2022-9-22 10:41:58.245;startAction;  Präsentationsmodus
2022-9-22 10:42:21.562;stopAction
2022-9-22 10:42:21.680;startAction;  links + rechts drehen
2022-9-22 10:42:46.102;stopAction
2022-9-22 10:42:46.219;startAction;  manuelle Seiten vor + zurück
2022-9-22 10:43:06.458;stopAction
2022-9-22 10:43:06.576;startAction;  rein- + rauszoomen
2022-9-22 10:43:16.779;stopAction
2022-9-22 10:43:16.896;startAction;  invertierte Farben aktivieren
2022-9-22 10:43:22.54;stopAction
2022-9-22 10:43:22.173;startAction;  auf bestimmte Seitenzahl springen
2022-9-22 10:43:25.343;stopAction
2022-9-22 10:43:25.460;startAction; markieren und Bemerkung
2022-9-22 10:43:40.727;stopAction
2022-9-22 10:43:40.844;startAction;  Präsentationsmodus
2022-9-22 10:44:04.156;stopAction
2022-9-22 10:44:04.274;startAction;  links + rechts drehen
2022-9-22 10:44:28.698;stopAction
2022-9-22 10:44:28.814;startAction;  manuelle Seiten vor + zurück
2022-9-22 10:44:49.50;stopAction
2022-9-22 10:44:49.167;startAction;  rein- + rauszoomen
2022-9-22 10:44:59.368;stopAction
2022-9-22 10:44:59.485;startAction;  invertierte Farben aktivieren
2022-9-22 10:45:04.647;stopAction
2022-9-22 10:45:04.765;startAction;  zurücksetzen und schließen
2022-9-22 10:45:12.899;stopAction
2022-9-22 10:45:13.27;stopTestrun
2022-9-22 10:45:13.166;startTestrun
2022-9-22 10:45:13.283;startAction;  Okular oeffnen
2022-9-22 10:45:15.435;stopAction
2022-9-22 10:45:15.553;startAction;  auf bestimmte Seitenzahl springen
2022-9-22 10:45:18.755;stopAction
2022-9-22 10:45:18.871;startAction; markieren und Bemerkung
2022-9-22 10:45:35.127;stopAction
2022-9-22 10:45:35.245;startAction;  Präsentationsmodus
2022-9-22 10:45:58.562;stopAction
2022-9-22 10:45:58.680;startAction;  links + rechts drehen
2022-9-22 10:46:23.96;stopAction
2022-9-22 10:46:23.213;startAction;  manuelle Seiten vor + zurück
2022-9-22 10:46:43.451;stopAction
2022-9-22 10:46:43.569;startAction;  rein- + rauszoomen
2022-9-22 10:46:53.771;stopAction
2022-9-22 10:46:53.887;startAction;  invertierte Farben aktivieren
2022-9-22 10:46:59.47;stopAction
2022-9-22 10:46:59.165;startAction;  auf bestimmte Seitenzahl springen
2022-9-22 10:47:02.335;stopAction
2022-9-22 10:47:02.452;startAction; markieren und Bemerkung
2022-9-22 10:47:17.729;stopAction
2022-9-22 10:47:17.847;startAction;  Präsentationsmodus
2022-9-22 10:47:41.163;stopAction
2022-9-22 10:47:41.281;startAction;  links + rechts drehen
2022-9-22 10:48:05.697;stopAction
2022-9-22 10:48:05.814;startAction;  manuelle Seiten vor + zurück
2022-9-22 10:48:26.52;stopAction
2022-9-22 10:48:26.170;startAction;  rein- + rauszoomen
2022-9-22 10:48:36.370;stopAction
2022-9-22 10:48:36.486;startAction;  invertierte Farben aktivieren
2022-9-22 10:48:41.647;stopAction
2022-9-22 10:48:41.765;startAction;  zurücksetzen und schließen
2022-9-22 10:48:49.899;stopAction
2022-9-22 10:48:50.27;stopTestrun
2022-9-22 10:48:50.166;startTestrun
2022-9-22 10:48:50.283;startAction;  Okular oeffnen
2022-9-22 10:48:52.435;stopAction
2022-9-22 10:48:52.552;startAction;  auf bestimmte Seitenzahl springen
2022-9-22 10:48:55.755;stopAction
2022-9-22 10:48:55.871;startAction; markieren und Bemerkung
2022-9-22 10:49:12.126;stopAction
2022-9-22 10:49:12.244;startAction;  Präsentationsmodus
2022-9-22 10:49:35.558;stopAction
2022-9-22 10:49:35.676;startAction;  links + rechts drehen
2022-9-22 10:50:00.96;stopAction
2022-9-22 10:50:00.213;startAction;  manuelle Seiten vor + zurück
2022-9-22 10:50:20.451;stopAction
2022-9-22 10:50:20.569;startAction;  rein- + rauszoomen
2022-9-22 10:50:30.770;stopAction
2022-9-22 10:50:30.886;startAction;  invertierte Farben aktivieren
2022-9-22 10:50:36.45;stopAction
2022-9-22 10:50:36.164;startAction;  auf bestimmte Seitenzahl springen
2022-9-22 10:50:39.334;stopAction
2022-9-22 10:50:39.451;startAction; markieren und Bemerkung
2022-9-22 10:50:54.731;stopAction
2022-9-22 10:50:54.849;startAction;  Präsentationsmodus
2022-9-22 10:51:18.166;stopAction
2022-9-22 10:51:18.284;startAction;  links + rechts drehen
2022-9-22 10:51:42.693;stopAction
2022-9-22 10:51:42.810;startAction;  manuelle Seiten vor + zurück
2022-9-22 10:52:03.46;stopAction
2022-9-22 10:52:03.164;startAction;  rein- + rauszoomen
2022-9-22 10:52:13.363;stopAction
2022-9-22 10:52:13.480;startAction;  invertierte Farben aktivieren
2022-9-22 10:52:18.639;stopAction
2022-9-22 10:52:18.757;startAction;  zurücksetzen und schließen
2022-9-22 10:52:26.890;stopAction
2022-9-22 10:52:27.18;stopTestrun
