2022-11-09 09:05:59.626;startTestrun
2022-11-09 09:09:36.626;stopTestrun
2022-11-09 09:09:39.750;startTestrun
2022-11-09 09:13:16.126;stopTestrun
2022-11-09 09:13:19.250;startTestrun
2022-11-09 09:16:55.626;stopTestrun
2022-11-09 09:16:58.751;startTestrun
2022-11-09 09:20:35.125;stopTestrun
2022-11-09 09:20:38.249;startTestrun
2022-11-09 09:24:14.625;stopTestrun
2022-11-09 09:24:17.750;startTestrun
2022-11-09 09:27:54.125;stopTestrun
2022-11-09 09:27:57.250;startTestrun
2022-11-09 09:31:33.626;stopTestrun
2022-11-09 09:31:36.751;startTestrun
2022-11-09 09:35:13.125;stopTestrun
2022-11-09 09:35:16.250;startTestrun
2022-11-09 09:38:52.626;stopTestrun
2022-11-09 09:38:55.750;startTestrun
2022-11-09 09:42:32.126;stopTestrun
2022-11-09 09:42:35.251;startTestrun
2022-11-09 09:46:11.626;stopTestrun
