2022-10-04 12:32:43.656;startTestrun
2022-10-04 12:36:21.667;stopTestrun
2022-10-04 12:36:24.792;startTestrun
2022-10-04 12:40:02.167;stopTestrun
2022-10-04 12:40:05.292;startTestrun
2022-10-04 12:43:42.667;stopTestrun
2022-10-04 12:43:45.791;startTestrun
2022-10-04 12:47:23.167;stopTestrun
2022-10-04 12:47:26.291;startTestrun
2022-10-04 12:51:03.667;stopTestrun
2022-10-04 12:51:06.791;startTestrun
2022-10-04 12:54:44.166;stopTestrun
2022-10-04 12:54:47.291;startTestrun
2022-10-04 12:58:24.667;stopTestrun
2022-10-04 12:58:27.791;startTestrun
2022-10-04 13:02:05.167;stopTestrun
2022-10-04 13:02:08.292;startTestrun
2022-10-04 13:05:45.667;stopTestrun
2022-10-04 13:05:48.791;startTestrun
2022-10-04 13:09:26.167;stopTestrun
2022-10-04 13:09:29.291;startTestrun
2022-10-04 13:13:06.667;stopTestrun
